type,method,variable,quantile,metric_name,metric_value,split,additional_info
benchmark_loss,QRF,quantile_loss_mean_all,0.05,quantile_loss,0.0019931334519540313,train,"{""n_variables"": 2}"
benchmark_loss,QRF,quantile_loss_mean_all,0.1,quantile_loss,0.003676832529510976,train,"{""n_variables"": 2}"
benchmark_loss,QRF,quantile_loss_mean_all,0.15,quantile_loss,0.005051964323131603,train,"{""n_variables"": 2}"
benchmark_loss,QRF,quantile_loss_mean_all,0.2,quantile_loss,0.007150055272652542,train,"{""n_variables"": 2}"
benchmark_loss,QRF,quantile_loss_mean_all,0.25,quantile_loss,0.007272266767142256,train,"{""n_variables"": 2}"
benchmark_loss,QRF,quantile_loss_mean_all,0.3,quantile_loss,0.008540254219041532,train,"{""n_variables"": 2}"
benchmark_loss,QRF,quantile_loss_mean_all,0.35,quantile_loss,0.007621934560531267,train,"{""n_variables"": 2}"
benchmark_loss,QRF,quantile_loss_mean_all,0.4,quantile_loss,0.00916139860523047,train,"{""n_variables"": 2}"
benchmark_loss,QRF,quantile_loss_mean_all,0.45,quantile_loss,0.008137742361262587,train,"{""n_variables"": 2}"
benchmark_loss,QRF,quantile_loss_mean_all,0.5,quantile_loss,0.008501949409742712,train,"{""n_variables"": 2}"
benchmark_loss,QRF,quantile_loss_mean_all,0.55,quantile_loss,0.006943288815511526,train,"{""n_variables"": 2}"
benchmark_loss,QRF,quantile_loss_mean_all,0.6,quantile_loss,0.006674970777747578,train,"{""n_variables"": 2}"
benchmark_loss,QRF,quantile_loss_mean_all,0.65,quantile_loss,0.006300488362370938,train,"{""n_variables"": 2}"
benchmark_loss,QRF,quantile_loss_mean_all,0.7,quantile_loss,0.005762547086974565,train,"{""n_variables"": 2}"
benchmark_loss,QRF,quantile_loss_mean_all,0.75,quantile_loss,0.005910973227513356,train,"{""n_variables"": 2}"
benchmark_loss,QRF,quantile_loss_mean_all,0.8,quantile_loss,0.005674293245652812,train,"{""n_variables"": 2}"
benchmark_loss,QRF,quantile_loss_mean_all,0.85,quantile_loss,0.0045532698330881145,train,"{""n_variables"": 2}"
benchmark_loss,QRF,quantile_loss_mean_all,0.9,quantile_loss,0.003777490459909232,train,"{""n_variables"": 2}"
benchmark_loss,QRF,quantile_loss_mean_all,0.95,quantile_loss,0.0022857221356438738,train,"{""n_variables"": 2}"
benchmark_loss,QRF,quantile_loss_mean_all,0.05,quantile_loss,0.004976762851613436,test,"{""n_variables"": 2}"
benchmark_loss,QRF,quantile_loss_mean_all,0.1,quantile_loss,0.007958901707037789,test,"{""n_variables"": 2}"
benchmark_loss,QRF,quantile_loss_mean_all,0.15,quantile_loss,0.011348256884255009,test,"{""n_variables"": 2}"
benchmark_loss,QRF,quantile_loss_mean_all,0.2,quantile_loss,0.014479045607066829,test,"{""n_variables"": 2}"
benchmark_loss,QRF,quantile_loss_mean_all,0.25,quantile_loss,0.01804729212868635,test,"{""n_variables"": 2}"
benchmark_loss,QRF,quantile_loss_mean_all,0.3,quantile_loss,0.020713966247658862,test,"{""n_variables"": 2}"
benchmark_loss,QRF,quantile_loss_mean_all,0.35,quantile_loss,0.022742931417508282,test,"{""n_variables"": 2}"
benchmark_loss,QRF,quantile_loss_mean_all,0.4,quantile_loss,0.02258721277917371,test,"{""n_variables"": 2}"
benchmark_loss,QRF,quantile_loss_mean_all,0.45,quantile_loss,0.023351581275292608,test,"{""n_variables"": 2}"
benchmark_loss,QRF,quantile_loss_mean_all,0.5,quantile_loss,0.023625607730980425,test,"{""n_variables"": 2}"
benchmark_loss,QRF,quantile_loss_mean_all,0.55,quantile_loss,0.023186470004863385,test,"{""n_variables"": 2}"
benchmark_loss,QRF,quantile_loss_mean_all,0.6,quantile_loss,0.022905432991342744,test,"{""n_variables"": 2}"
benchmark_loss,QRF,quantile_loss_mean_all,0.65,quantile_loss,0.022230731438156376,test,"{""n_variables"": 2}"
benchmark_loss,QRF,quantile_loss_mean_all,0.7,quantile_loss,0.02057637886132135,test,"{""n_variables"": 2}"
benchmark_loss,QRF,quantile_loss_mean_all,0.75,quantile_loss,0.01912773338390523,test,"{""n_variables"": 2}"
benchmark_loss,QRF,quantile_loss_mean_all,0.8,quantile_loss,0.01739101077609373,test,"{""n_variables"": 2}"
benchmark_loss,QRF,quantile_loss_mean_all,0.85,quantile_loss,0.013723503511700213,test,"{""n_variables"": 2}"
benchmark_loss,QRF,quantile_loss_mean_all,0.9,quantile_loss,0.010967503180152355,test,"{""n_variables"": 2}"
benchmark_loss,QRF,quantile_loss_mean_all,0.95,quantile_loss,0.0071899999204732045,test,"{""n_variables"": 2}"
benchmark_loss,QRF,quantile_loss_mean_all,mean,quantile_loss,0.006052135549716419,train,"{""n_variables"": 2}"
benchmark_loss,QRF,quantile_loss_mean_all,mean,quantile_loss,0.017217385405120095,test,"{""n_variables"": 2}"
benchmark_loss,QRF,log_loss_mean_all,0.05,log_loss,2.614446654065684,train,"{""n_variables"": 1}"
benchmark_loss,QRF,log_loss_mean_all,0.1,log_loss,2.614446654065684,train,"{""n_variables"": 1}"
benchmark_loss,QRF,log_loss_mean_all,0.15,log_loss,2.614446654065684,train,"{""n_variables"": 1}"
benchmark_loss,QRF,log_loss_mean_all,0.2,log_loss,2.614446654065684,train,"{""n_variables"": 1}"
benchmark_loss,QRF,log_loss_mean_all,0.25,log_loss,2.614446654065684,train,"{""n_variables"": 1}"
benchmark_loss,QRF,log_loss_mean_all,0.3,log_loss,2.614446654065684,train,"{""n_variables"": 1}"
benchmark_loss,QRF,log_loss_mean_all,0.35,log_loss,2.614446654065684,train,"{""n_variables"": 1}"
benchmark_loss,QRF,log_loss_mean_all,0.4,log_loss,2.614446654065684,train,"{""n_variables"": 1}"
benchmark_loss,QRF,log_loss_mean_all,0.45,log_loss,2.614446654065684,train,"{""n_variables"": 1}"
benchmark_loss,QRF,log_loss_mean_all,0.5,log_loss,2.614446654065684,train,"{""n_variables"": 1}"
benchmark_loss,QRF,log_loss_mean_all,0.55,log_loss,2.614446654065684,train,"{""n_variables"": 1}"
benchmark_loss,QRF,log_loss_mean_all,0.6,log_loss,2.614446654065684,train,"{""n_variables"": 1}"
benchmark_loss,QRF,log_loss_mean_all,0.65,log_loss,2.614446654065684,train,"{""n_variables"": 1}"
benchmark_loss,QRF,log_loss_mean_all,0.7,log_loss,2.614446654065684,train,"{""n_variables"": 1}"
benchmark_loss,QRF,log_loss_mean_all,0.75,log_loss,2.614446654065684,train,"{""n_variables"": 1}"
benchmark_loss,QRF,log_loss_mean_all,0.8,log_loss,2.614446654065684,train,"{""n_variables"": 1}"
benchmark_loss,QRF,log_loss_mean_all,0.85,log_loss,2.614446654065684,train,"{""n_variables"": 1}"
benchmark_loss,QRF,log_loss_mean_all,0.9,log_loss,2.614446654065684,train,"{""n_variables"": 1}"
benchmark_loss,QRF,log_loss_mean_all,0.95,log_loss,2.614446654065684,train,"{""n_variables"": 1}"
benchmark_loss,QRF,log_loss_mean_all,0.05,log_loss,6.156691078407442,test,"{""n_variables"": 1}"
benchmark_loss,QRF,log_loss_mean_all,0.1,log_loss,6.156691078407442,test,"{""n_variables"": 1}"
benchmark_loss,QRF,log_loss_mean_all,0.15,log_loss,6.156691078407442,test,"{""n_variables"": 1}"
benchmark_loss,QRF,log_loss_mean_all,0.2,log_loss,6.156691078407442,test,"{""n_variables"": 1}"
benchmark_loss,QRF,log_loss_mean_all,0.25,log_loss,6.156691078407442,test,"{""n_variables"": 1}"
benchmark_loss,QRF,log_loss_mean_all,0.3,log_loss,6.156691078407442,test,"{""n_variables"": 1}"
benchmark_loss,QRF,log_loss_mean_all,0.35,log_loss,6.156691078407442,test,"{""n_variables"": 1}"
benchmark_loss,QRF,log_loss_mean_all,0.4,log_loss,6.156691078407442,test,"{""n_variables"": 1}"
benchmark_loss,QRF,log_loss_mean_all,0.45,log_loss,6.156691078407442,test,"{""n_variables"": 1}"
benchmark_loss,QRF,log_loss_mean_all,0.5,log_loss,6.156691078407442,test,"{""n_variables"": 1}"
benchmark_loss,QRF,log_loss_mean_all,0.55,log_loss,6.156691078407442,test,"{""n_variables"": 1}"
benchmark_loss,QRF,log_loss_mean_all,0.6,log_loss,6.156691078407442,test,"{""n_variables"": 1}"
benchmark_loss,QRF,log_loss_mean_all,0.65,log_loss,6.156691078407442,test,"{""n_variables"": 1}"
benchmark_loss,QRF,log_loss_mean_all,0.7,log_loss,6.156691078407442,test,"{""n_variables"": 1}"
benchmark_loss,QRF,log_loss_mean_all,0.75,log_loss,6.156691078407442,test,"{""n_variables"": 1}"
benchmark_loss,QRF,log_loss_mean_all,0.8,log_loss,6.156691078407442,test,"{""n_variables"": 1}"
benchmark_loss,QRF,log_loss_mean_all,0.85,log_loss,6.156691078407442,test,"{""n_variables"": 1}"
benchmark_loss,QRF,log_loss_mean_all,0.9,log_loss,6.156691078407442,test,"{""n_variables"": 1}"
benchmark_loss,QRF,log_loss_mean_all,0.95,log_loss,6.156691078407442,test,"{""n_variables"": 1}"
benchmark_loss,QRF,log_loss_mean_all,mean,log_loss,2.6144466540656834,train,"{""n_variables"": 1}"
benchmark_loss,QRF,log_loss_mean_all,mean,log_loss,6.156691078407443,test,"{""n_variables"": 1}"
benchmark_loss,OLS,quantile_loss_mean_all,0.05,quantile_loss,0.003793097970980961,train,"{""n_variables"": 2}"
benchmark_loss,OLS,quantile_loss_mean_all,0.1,quantile_loss,0.0064813273535348865,train,"{""n_variables"": 2}"
benchmark_loss,OLS,quantile_loss_mean_all,0.15,quantile_loss,0.008718559399878228,train,"{""n_variables"": 2}"
benchmark_loss,OLS,quantile_loss_mean_all,0.2,quantile_loss,0.010655610008580571,train,"{""n_variables"": 2}"
benchmark_loss,OLS,quantile_loss_mean_all,0.25,quantile_loss,0.012256033388805257,train,"{""n_variables"": 2}"
benchmark_loss,OLS,quantile_loss_mean_all,0.3,quantile_loss,0.013565140770903024,train,"{""n_variables"": 2}"
benchmark_loss,OLS,quantile_loss_mean_all,0.35,quantile_loss,0.014611889242340062,train,"{""n_variables"": 2}"
benchmark_loss,OLS,quantile_loss_mean_all,0.4,quantile_loss,0.015425975031196375,train,"{""n_variables"": 2}"
benchmark_loss,OLS,quantile_loss_mean_all,0.45,quantile_loss,0.01605944525518228,train,"{""n_variables"": 2}"
benchmark_loss,OLS,quantile_loss_mean_all,0.5,quantile_loss,0.01647854556609527,train,"{""n_variables"": 2}"
benchmark_loss,OLS,quantile_loss_mean_all,0.55,quantile_loss,0.01661220911122457,train,"{""n_variables"": 2}"
benchmark_loss,OLS,quantile_loss_mean_all,0.6,quantile_loss,0.01645760847896342,train,"{""n_variables"": 2}"
benchmark_loss,OLS,quantile_loss_mean_all,0.65,quantile_loss,0.016061546015992825,train,"{""n_variables"": 2}"
benchmark_loss,OLS,quantile_loss_mean_all,0.7,quantile_loss,0.015395729893732578,train,"{""n_variables"": 2}"
benchmark_loss,OLS,quantile_loss_mean_all,0.75,quantile_loss,0.014398366337920352,train,"{""n_variables"": 2}"
benchmark_loss,OLS,quantile_loss_mean_all,0.8,quantile_loss,0.012997538438059541,train,"{""n_variables"": 2}"
benchmark_loss,OLS,quantile_loss_mean_all,0.85,quantile_loss,0.011142832423357984,train,"{""n_variables"": 2}"
benchmark_loss,OLS,quantile_loss_mean_all,0.9,quantile_loss,0.008676966523108521,train,"{""n_variables"": 2}"
benchmark_loss,OLS,quantile_loss_mean_all,0.95,quantile_loss,0.0053039200554893294,train,"{""n_variables"": 2}"
benchmark_loss,OLS,quantile_loss_mean_all,0.05,quantile_loss,0.003875743024333408,test,"{""n_variables"": 2}"
benchmark_loss,OLS,quantile_loss_mean_all,0.1,quantile_loss,0.006636892853346667,test,"{""n_variables"": 2}"
benchmark_loss,OLS,quantile_loss_mean_all,0.15,quantile_loss,0.008964045456920146,test,"{""n_variables"": 2}"
benchmark_loss,OLS,quantile_loss_mean_all,0.2,quantile_loss,0.010925268697485854,test,"{""n_variables"": 2}"
benchmark_loss,OLS,quantile_loss_mean_all,0.25,quantile_loss,0.012586171018988979,test,"{""n_variables"": 2}"
benchmark_loss,OLS,quantile_loss_mean_all,0.3,quantile_loss,0.013971078532560128,test,"{""n_variables"": 2}"
benchmark_loss,OLS,quantile_loss_mean_all,0.35,quantile_loss,0.015078371048174203,test,"{""n_variables"": 2}"
benchmark_loss,OLS,quantile_loss_mean_all,0.4,quantile_loss,0.015960673093506517,test,"{""n_variables"": 2}"
benchmark_loss,OLS,quantile_loss_mean_all,0.45,quantile_loss,0.016611314804344936,test,"{""n_variables"": 2}"
benchmark_loss,OLS,quantile_loss_mean_all,0.5,quantile_loss,0.017023427694261576,test,"{""n_variables"": 2}"
benchmark_loss,OLS,quantile_loss_mean_all,0.55,quantile_loss,0.017162262823655853,test,"{""n_variables"": 2}"
benchmark_loss,OLS,quantile_loss_mean_all,0.6,quantile_loss,0.016994331164241493,test,"{""n_variables"": 2}"
benchmark_loss,OLS,quantile_loss_mean_all,0.65,quantile_loss,0.016563877768320707,test,"{""n_variables"": 2}"
benchmark_loss,OLS,quantile_loss_mean_all,0.7,quantile_loss,0.01584349745574873,test,"{""n_variables"": 2}"
benchmark_loss,OLS,quantile_loss_mean_all,0.75,quantile_loss,0.014830479499612956,test,"{""n_variables"": 2}"
benchmark_loss,OLS,quantile_loss_mean_all,0.8,quantile_loss,0.013414418494530157,test,"{""n_variables"": 2}"
benchmark_loss,OLS,quantile_loss_mean_all,0.85,quantile_loss,0.011604173888267462,test,"{""n_variables"": 2}"
benchmark_loss,OLS,quantile_loss_mean_all,0.9,quantile_loss,0.009116693282835488,test,"{""n_variables"": 2}"
benchmark_loss,OLS,quantile_loss_mean_all,0.95,quantile_loss,0.005653910575626517,test,"{""n_variables"": 2}"
benchmark_loss,OLS,quantile_loss_mean_all,mean,quantile_loss,0.012373281119228738,train,"{""n_variables"": 2}"
benchmark_loss,OLS,quantile_loss_mean_all,mean,quantile_loss,0.012779822693513777,test,"{""n_variables"": 2}"
benchmark_loss,OLS,log_loss_mean_all,0.05,log_loss,0.9858032860627665,train,"{""n_variables"": 1}"
benchmark_loss,OLS,log_loss_mean_all,0.1,log_loss,0.9858032860627665,train,"{""n_variables"": 1}"
benchmark_loss,OLS,log_loss_mean_all,0.15,log_loss,0.9858032860627665,train,"{""n_variables"": 1}"
benchmark_loss,OLS,log_loss_mean_all,0.2,log_loss,0.9858032860627665,train,"{""n_variables"": 1}"
benchmark_loss,OLS,log_loss_mean_all,0.25,log_loss,0.9858032860627665,train,"{""n_variables"": 1}"
benchmark_loss,OLS,log_loss_mean_all,0.3,log_loss,0.9858032860627665,train,"{""n_variables"": 1}"
benchmark_loss,OLS,log_loss_mean_all,0.35,log_loss,0.9858032860627665,train,"{""n_variables"": 1}"
benchmark_loss,OLS,log_loss_mean_all,0.4,log_loss,0.9858032860627665,train,"{""n_variables"": 1}"
benchmark_loss,OLS,log_loss_mean_all,0.45,log_loss,0.9858032860627665,train,"{""n_variables"": 1}"
benchmark_loss,OLS,log_loss_mean_all,0.5,log_loss,0.9858032860627665,train,"{""n_variables"": 1}"
benchmark_loss,OLS,log_loss_mean_all,0.55,log_loss,0.9858032860627665,train,"{""n_variables"": 1}"
benchmark_loss,OLS,log_loss_mean_all,0.6,log_loss,0.9858032860627665,train,"{""n_variables"": 1}"
benchmark_loss,OLS,log_loss_mean_all,0.65,log_loss,0.9858032860627665,train,"{""n_variables"": 1}"
benchmark_loss,OLS,log_loss_mean_all,0.7,log_loss,0.9858032860627665,train,"{""n_variables"": 1}"
benchmark_loss,OLS,log_loss_mean_all,0.75,log_loss,0.9858032860627665,train,"{""n_variables"": 1}"
benchmark_loss,OLS,log_loss_mean_all,0.8,log_loss,0.9858032860627665,train,"{""n_variables"": 1}"
benchmark_loss,OLS,log_loss_mean_all,0.85,log_loss,0.9858032860627665,train,"{""n_variables"": 1}"
benchmark_loss,OLS,log_loss_mean_all,0.9,log_loss,0.9858032860627665,train,"{""n_variables"": 1}"
benchmark_loss,OLS,log_loss_mean_all,0.95,log_loss,0.9858032860627665,train,"{""n_variables"": 1}"
benchmark_loss,OLS,log_loss_mean_all,0.05,log_loss,1.0101334442421657,test,"{""n_variables"": 1}"
benchmark_loss,OLS,log_loss_mean_all,0.1,log_loss,1.0101334442421657,test,"{""n_variables"": 1}"
benchmark_loss,OLS,log_loss_mean_all,0.15,log_loss,1.0101334442421657,test,"{""n_variables"": 1}"
benchmark_loss,OLS,log_loss_mean_all,0.2,log_loss,1.0101334442421657,test,"{""n_variables"": 1}"
benchmark_loss,OLS,log_loss_mean_all,0.25,log_loss,1.0101334442421657,test,"{""n_variables"": 1}"
benchmark_loss,OLS,log_loss_mean_all,0.3,log_loss,1.0101334442421657,test,"{""n_variables"": 1}"
benchmark_loss,OLS,log_loss_mean_all,0.35,log_loss,1.0101334442421657,test,"{""n_variables"": 1}"
benchmark_loss,OLS,log_loss_mean_all,0.4,log_loss,1.0101334442421657,test,"{""n_variables"": 1}"
benchmark_loss,OLS,log_loss_mean_all,0.45,log_loss,1.0101334442421657,test,"{""n_variables"": 1}"
benchmark_loss,OLS,log_loss_mean_all,0.5,log_loss,1.0101334442421657,test,"{""n_variables"": 1}"
benchmark_loss,OLS,log_loss_mean_all,0.55,log_loss,1.0101334442421657,test,"{""n_variables"": 1}"
benchmark_loss,OLS,log_loss_mean_all,0.6,log_loss,1.0101334442421657,test,"{""n_variables"": 1}"
benchmark_loss,OLS,log_loss_mean_all,0.65,log_loss,1.0101334442421657,test,"{""n_variables"": 1}"
benchmark_loss,OLS,log_loss_mean_all,0.7,log_loss,1.0101334442421657,test,"{""n_variables"": 1}"
benchmark_loss,OLS,log_loss_mean_all,0.75,log_loss,1.0101334442421657,test,"{""n_variables"": 1}"
benchmark_loss,OLS,log_loss_mean_all,0.8,log_loss,1.0101334442421657,test,"{""n_variables"": 1}"
benchmark_loss,OLS,log_loss_mean_all,0.85,log_loss,1.0101334442421657,test,"{""n_variables"": 1}"
benchmark_loss,OLS,log_loss_mean_all,0.9,log_loss,1.0101334442421657,test,"{""n_variables"": 1}"
benchmark_loss,OLS,log_loss_mean_all,0.95,log_loss,1.0101334442421657,test,"{""n_variables"": 1}"
benchmark_loss,OLS,log_loss_mean_all,mean,log_loss,0.9858032860627663,train,"{""n_variables"": 1}"
benchmark_loss,OLS,log_loss_mean_all,mean,log_loss,1.0101334442421654,test,"{""n_variables"": 1}"
benchmark_loss,QuantReg,quantile_loss_mean_all,mean,quantile_loss,,train,"{""n_variables"": 0}"
benchmark_loss,QuantReg,quantile_loss_mean_all,mean,quantile_loss,,test,"{""n_variables"": 0}"
benchmark_loss,QuantReg,log_loss_mean_all,mean,log_loss,,train,"{""n_variables"": 0}"
benchmark_loss,QuantReg,log_loss_mean_all,mean,log_loss,,test,"{""n_variables"": 0}"
benchmark_loss,Matching,quantile_loss_mean_all,0.05,quantile_loss,0.0,train,"{""n_variables"": 2}"
benchmark_loss,Matching,quantile_loss_mean_all,0.1,quantile_loss,0.0,train,"{""n_variables"": 2}"
benchmark_loss,Matching,quantile_loss_mean_all,0.15,quantile_loss,0.0,train,"{""n_variables"": 2}"
benchmark_loss,Matching,quantile_loss_mean_all,0.2,quantile_loss,0.0,train,"{""n_variables"": 2}"
benchmark_loss,Matching,quantile_loss_mean_all,0.25,quantile_loss,0.0,train,"{""n_variables"": 2}"
benchmark_loss,Matching,quantile_loss_mean_all,0.3,quantile_loss,0.0,train,"{""n_variables"": 2}"
benchmark_loss,Matching,quantile_loss_mean_all,0.35,quantile_loss,0.0,train,"{""n_variables"": 2}"
benchmark_loss,Matching,quantile_loss_mean_all,0.4,quantile_loss,0.0,train,"{""n_variables"": 2}"
benchmark_loss,Matching,quantile_loss_mean_all,0.45,quantile_loss,0.0,train,"{""n_variables"": 2}"
benchmark_loss,Matching,quantile_loss_mean_all,0.5,quantile_loss,0.0,train,"{""n_variables"": 2}"
benchmark_loss,Matching,quantile_loss_mean_all,0.55,quantile_loss,0.0,train,"{""n_variables"": 2}"
benchmark_loss,Matching,quantile_loss_mean_all,0.6,quantile_loss,0.0,train,"{""n_variables"": 2}"
benchmark_loss,Matching,quantile_loss_mean_all,0.65,quantile_loss,0.0,train,"{""n_variables"": 2}"
benchmark_loss,Matching,quantile_loss_mean_all,0.7,quantile_loss,0.0,train,"{""n_variables"": 2}"
benchmark_loss,Matching,quantile_loss_mean_all,0.75,quantile_loss,0.0,train,"{""n_variables"": 2}"
benchmark_loss,Matching,quantile_loss_mean_all,0.8,quantile_loss,0.0,train,"{""n_variables"": 2}"
benchmark_loss,Matching,quantile_loss_mean_all,0.85,quantile_loss,0.0,train,"{""n_variables"": 2}"
benchmark_loss,Matching,quantile_loss_mean_all,0.9,quantile_loss,0.0,train,"{""n_variables"": 2}"
benchmark_loss,Matching,quantile_loss_mean_all,0.95,quantile_loss,0.0,train,"{""n_variables"": 2}"
benchmark_loss,Matching,quantile_loss_mean_all,0.05,quantile_loss,0.022039382576829306,test,"{""n_variables"": 2}"
benchmark_loss,Matching,quantile_loss_mean_all,0.1,quantile_loss,0.022147598558993443,test,"{""n_variables"": 2}"
benchmark_loss,Matching,quantile_loss_mean_all,0.15,quantile_loss,0.022255814541157576,test,"{""n_variables"": 2}"
benchmark_loss,Matching,quantile_loss_mean_all,0.2,quantile_loss,0.022364030523321716,test,"{""n_variables"": 2}"
benchmark_loss,Matching,quantile_loss_mean_all,0.25,quantile_loss,0.022472246505485852,test,"{""n_variables"": 2}"
benchmark_loss,Matching,quantile_loss_mean_all,0.3,quantile_loss,0.02258046248764999,test,"{""n_variables"": 2}"
benchmark_loss,Matching,quantile_loss_mean_all,0.35,quantile_loss,0.022688678469814125,test,"{""n_variables"": 2}"
benchmark_loss,Matching,quantile_loss_mean_all,0.4,quantile_loss,0.02279689445197826,test,"{""n_variables"": 2}"
benchmark_loss,Matching,quantile_loss_mean_all,0.45,quantile_loss,0.0229051104341424,test,"{""n_variables"": 2}"
benchmark_loss,Matching,quantile_loss_mean_all,0.5,quantile_loss,0.02301332641630653,test,"{""n_variables"": 2}"
benchmark_loss,Matching,quantile_loss_mean_all,0.55,quantile_loss,0.02312154239847067,test,"{""n_variables"": 2}"
benchmark_loss,Matching,quantile_loss_mean_all,0.6,quantile_loss,0.023229758380634808,test,"{""n_variables"": 2}"
benchmark_loss,Matching,quantile_loss_mean_all,0.65,quantile_loss,0.023337974362798945,test,"{""n_variables"": 2}"
benchmark_loss,Matching,quantile_loss_mean_all,0.7,quantile_loss,0.023446190344963078,test,"{""n_variables"": 2}"
benchmark_loss,Matching,quantile_loss_mean_all,0.75,quantile_loss,0.023554406327127214,test,"{""n_variables"": 2}"
benchmark_loss,Matching,quantile_loss_mean_all,0.8,quantile_loss,0.02366262230929135,test,"{""n_variables"": 2}"
benchmark_loss,Matching,quantile_loss_mean_all,0.85,quantile_loss,0.023770838291455487,test,"{""n_variables"": 2}"
benchmark_loss,Matching,quantile_loss_mean_all,0.9,quantile_loss,0.023879054273619627,test,"{""n_variables"": 2}"
benchmark_loss,Matching,quantile_loss_mean_all,0.95,quantile_loss,0.02398727025578376,test,"{""n_variables"": 2}"
benchmark_loss,Matching,quantile_loss_mean_all,mean,quantile_loss,0.0,train,"{""n_variables"": 2}"
benchmark_loss,Matching,quantile_loss_mean_all,mean,quantile_loss,0.02301332641630653,test,"{""n_variables"": 2}"
benchmark_loss,Matching,log_loss_mean_all,0.05,log_loss,2.2204460492503136e-16,train,"{""n_variables"": 1}"
benchmark_loss,Matching,log_loss_mean_all,0.1,log_loss,2.2204460492503136e-16,train,"{""n_variables"": 1}"
benchmark_loss,Matching,log_loss_mean_all,0.15,log_loss,2.2204460492503136e-16,train,"{""n_variables"": 1}"
benchmark_loss,Matching,log_loss_mean_all,0.2,log_loss,2.2204460492503136e-16,train,"{""n_variables"": 1}"
benchmark_loss,Matching,log_loss_mean_all,0.25,log_loss,2.2204460492503136e-16,train,"{""n_variables"": 1}"
benchmark_loss,Matching,log_loss_mean_all,0.3,log_loss,2.2204460492503136e-16,train,"{""n_variables"": 1}"
benchmark_loss,Matching,log_loss_mean_all,0.35,log_loss,2.2204460492503136e-16,train,"{""n_variables"": 1}"
benchmark_loss,Matching,log_loss_mean_all,0.4,log_loss,2.2204460492503136e-16,train,"{""n_variables"": 1}"
benchmark_loss,Matching,log_loss_mean_all,0.45,log_loss,2.2204460492503136e-16,train,"{""n_variables"": 1}"
benchmark_loss,Matching,log_loss_mean_all,0.5,log_loss,2.2204460492503136e-16,train,"{""n_variables"": 1}"
benchmark_loss,Matching,log_loss_mean_all,0.55,log_loss,2.2204460492503136e-16,train,"{""n_variables"": 1}"
benchmark_loss,Matching,log_loss_mean_all,0.6,log_loss,2.2204460492503136e-16,train,"{""n_variables"": 1}"
benchmark_loss,Matching,log_loss_mean_all,0.65,log_loss,2.2204460492503136e-16,train,"{""n_variables"": 1}"
benchmark_loss,Matching,log_loss_mean_all,0.7,log_loss,2.2204460492503136e-16,train,"{""n_variables"": 1}"
benchmark_loss,Matching,log_loss_mean_all,0.75,log_loss,2.2204460492503136e-16,train,"{""n_variables"": 1}"
benchmark_loss,Matching,log_loss_mean_all,0.8,log_loss,2.2204460492503136e-16,train,"{""n_variables"": 1}"
benchmark_loss,Matching,log_loss_mean_all,0.85,log_loss,2.2204460492503136e-16,train,"{""n_variables"": 1}"
benchmark_loss,Matching,log_loss_mean_all,0.9,log_loss,2.2204460492503136e-16,train,"{""n_variables"": 1}"
benchmark_loss,Matching,log_loss_mean_all,0.95,log_loss,2.2204460492503136e-16,train,"{""n_variables"": 1}"
benchmark_loss,Matching,log_loss_mean_all,0.05,log_loss,19.713195542915205,test,"{""n_variables"": 1}"
benchmark_loss,Matching,log_loss_mean_all,0.1,log_loss,19.713195542915205,test,"{""n_variables"": 1}"
benchmark_loss,Matching,log_loss_mean_all,0.15,log_loss,19.713195542915205,test,"{""n_variables"": 1}"
benchmark_loss,Matching,log_loss_mean_all,0.2,log_loss,19.713195542915205,test,"{""n_variables"": 1}"
benchmark_loss,Matching,log_loss_mean_all,0.25,log_loss,19.713195542915205,test,"{""n_variables"": 1}"
benchmark_loss,Matching,log_loss_mean_all,0.3,log_loss,19.713195542915205,test,"{""n_variables"": 1}"
benchmark_loss,Matching,log_loss_mean_all,0.35,log_loss,19.713195542915205,test,"{""n_variables"": 1}"
benchmark_loss,Matching,log_loss_mean_all,0.4,log_loss,19.713195542915205,test,"{""n_variables"": 1}"
benchmark_loss,Matching,log_loss_mean_all,0.45,log_loss,19.713195542915205,test,"{""n_variables"": 1}"
benchmark_loss,Matching,log_loss_mean_all,0.5,log_loss,19.713195542915205,test,"{""n_variables"": 1}"
benchmark_loss,Matching,log_loss_mean_all,0.55,log_loss,19.713195542915205,test,"{""n_variables"": 1}"
benchmark_loss,Matching,log_loss_mean_all,0.6,log_loss,19.713195542915205,test,"{""n_variables"": 1}"
benchmark_loss,Matching,log_loss_mean_all,0.65,log_loss,19.713195542915205,test,"{""n_variables"": 1}"
benchmark_loss,Matching,log_loss_mean_all,0.7,log_loss,19.713195542915205,test,"{""n_variables"": 1}"
benchmark_loss,Matching,log_loss_mean_all,0.75,log_loss,19.713195542915205,test,"{""n_variables"": 1}"
benchmark_loss,Matching,log_loss_mean_all,0.8,log_loss,19.713195542915205,test,"{""n_variables"": 1}"
benchmark_loss,Matching,log_loss_mean_all,0.85,log_loss,19.713195542915205,test,"{""n_variables"": 1}"
benchmark_loss,Matching,log_loss_mean_all,0.9,log_loss,19.713195542915205,test,"{""n_variables"": 1}"
benchmark_loss,Matching,log_loss_mean_all,0.95,log_loss,19.713195542915205,test,"{""n_variables"": 1}"
benchmark_loss,Matching,log_loss_mean_all,mean,log_loss,2.2204460492503136e-16,train,"{""n_variables"": 1}"
benchmark_loss,Matching,log_loss_mean_all,mean,log_loss,19.71319554291521,test,"{""n_variables"": 1}"
distribution_distance,OLSResults,s1,N/A,wasserstein_distance,0.024660387596042915,full,{}
distribution_distance,OLSResults,s4,N/A,wasserstein_distance,0.020422408337066628,full,{}
distribution_distance,OLSResults,risk_factor,N/A,kl_divergence,6.033154649748202,full,{}
predictor_correlation,N/A,age,N/A,pearson,0.22798247938962524,full,"{""predictor2"": ""sex""}"
predictor_correlation,N/A,age,N/A,pearson,0.2501624011317938,full,"{""predictor2"": ""bmi""}"
predictor_correlation,N/A,age,N/A,pearson,0.3534419190240634,full,"{""predictor2"": ""bp""}"
predictor_correlation,N/A,sex,N/A,pearson,0.08064137058331985,full,"{""predictor2"": ""bmi""}"
predictor_correlation,N/A,sex,N/A,pearson,0.26905206635937173,full,"{""predictor2"": ""bp""}"
predictor_correlation,N/A,bmi,N/A,pearson,0.43643800885198847,full,"{""predictor2"": ""bp""}"
predictor_correlation,N/A,age,N/A,spearman,0.2309511404045441,full,"{""predictor2"": ""sex""}"
predictor_correlation,N/A,age,N/A,spearman,0.2559475199483165,full,"{""predictor2"": ""bmi""}"
predictor_correlation,N/A,age,N/A,spearman,0.3697134718827012,full,"{""predictor2"": ""bp""}"
predictor_correlation,N/A,sex,N/A,spearman,0.10617808669020486,full,"{""predictor2"": ""bmi""}"
predictor_correlation,N/A,sex,N/A,spearman,0.3010250570740961,full,"{""predictor2"": ""bp""}"
predictor_correlation,N/A,bmi,N/A,spearman,0.4472525722966459,full,"{""predictor2"": ""bp""}"
predictor_correlation,N/A,age,N/A,mutual_info,0.0,full,"{""predictor2"": ""sex""}"
predictor_correlation,N/A,age,N/A,mutual_info,0.01992537029466096,full,"{""predictor2"": ""bmi""}"
predictor_correlation,N/A,age,N/A,mutual_info,0.02051274401878463,full,"{""predictor2"": ""bp""}"
predictor_correlation,N/A,sex,N/A,mutual_info,0.024974606868113543,full,"{""predictor2"": ""bmi""}"
predictor_correlation,N/A,sex,N/A,mutual_info,0.06825522582483731,full,"{""predictor2"": ""bp""}"
predictor_correlation,N/A,bmi,N/A,mutual_info,0.012362825726377452,full,"{""predictor2"": ""bp""}"
predictor_target_mi,N/A,age,N/A,mutual_info,0.007275692599840133,full,"{""target"": ""s1""}"
predictor_target_mi,N/A,age,N/A,mutual_info,0.017843189636206607,full,"{""target"": ""s4""}"
predictor_target_mi,N/A,age,N/A,mutual_info,0.0527351415960489,full,"{""target"": ""risk_factor""}"
predictor_target_mi,N/A,sex,N/A,mutual_info,0.002833409209270051,full,"{""target"": ""s1""}"
predictor_target_mi,N/A,sex,N/A,mutual_info,0.022502563145111076,full,"{""target"": ""s4""}"
predictor_target_mi,N/A,sex,N/A,mutual_info,0.03936347909918465,full,"{""target"": ""risk_factor""}"
predictor_target_mi,N/A,bmi,N/A,mutual_info,0.00712501381273246,full,"{""target"": ""s1""}"
predictor_target_mi,N/A,bmi,N/A,mutual_info,0.042828982564792506,full,"{""target"": ""s4""}"
predictor_target_mi,N/A,bmi,N/A,mutual_info,0.09273531468209292,full,"{""target"": ""risk_factor""}"
predictor_target_mi,N/A,bp,N/A,mutual_info,0.007630872443873875,full,"{""target"": ""s1""}"
predictor_target_mi,N/A,bp,N/A,mutual_info,0.009030290161605078,full,"{""target"": ""s4""}"
predictor_target_mi,N/A,bp,N/A,mutual_info,0.012933835727825435,full,"{""target"": ""risk_factor""}"
predictor_importance,OLSResults,sex,N/A,relative_impact,30.680328353256453,test,"{""removed_predictor"": ""sex""}"
predictor_importance,OLSResults,sex,N/A,loss_increase,0.7393423418942775,test,"{""removed_predictor"": ""sex""}"
predictor_importance,OLSResults,bmi,N/A,relative_impact,0.03247893420537184,test,"{""removed_predictor"": ""bmi""}"
predictor_importance,OLSResults,bmi,N/A,loss_increase,0.000782685602355393,test,"{""removed_predictor"": ""bmi""}"
predictor_importance,OLSResults,age,N/A,relative_impact,0.00454596377561416,test,"{""removed_predictor"": ""age""}"
predictor_importance,OLSResults,age,N/A,loss_increase,0.00010954978921118297,test,"{""removed_predictor"": ""age""}"
predictor_importance,OLSResults,bp,N/A,relative_impact,-0.004826970371974454,test,"{""removed_predictor"": ""bp""}"
predictor_importance,OLSResults,bp,N/A,loss_increase,-0.0001163215575132881,test,"{""removed_predictor"": ""bp""}"
progressive_inclusion,OLSResults,N/A,N/A,cumulative_improvement,0.0,test,"{""step"": 1, ""predictor_added"": ""sex"", ""predictors"": [""sex""]}"
progressive_inclusion,OLSResults,N/A,N/A,marginal_improvement,0.0,test,"{""step"": 1, ""predictor_added"": ""sex""}"
progressive_inclusion,OLSResults,N/A,N/A,cumulative_improvement,0.0010940165047195194,test,"{""step"": 2, ""predictor_added"": ""bmi"", ""predictors"": [""sex"", ""bmi""]}"
progressive_inclusion,OLSResults,N/A,N/A,marginal_improvement,0.0010940165047195194,test,"{""step"": 2, ""predictor_added"": ""bmi""}"
progressive_inclusion,OLSResults,N/A,N/A,cumulative_improvement,0.0012175858369123382,test,"{""step"": 3, ""predictor_added"": ""age"", ""predictors"": [""sex"", ""bmi"", ""age""]}"
progressive_inclusion,OLSResults,N/A,N/A,marginal_improvement,0.00012356933219281885,test,"{""step"": 3, ""predictor_added"": ""age""}"
progressive_inclusion,OLSResults,N/A,N/A,cumulative_improvement,0.0011012642793990501,test,"{""step"": 4, ""predictor_added"": ""bp"", ""predictors"": [""sex"", ""bmi"", ""age"", ""bp""]}"
progressive_inclusion,OLSResults,N/A,N/A,marginal_improvement,-0.0001163215575132881,test,"{""step"": 4, ""predictor_added"": ""bp""}"
distribution_bins,OLSResults,s1,N/A,histogram_distribution,,full,"{""bin_index"": 0, ""bin_start"": -0.12678066991651324, ""bin_end"": -0.11747005557601899, ""donor_height"": 0.32362459546925565, ""receiver_height"": 0.0, ""n_samples_donor"": 309, ""n_samples_receiver"": 133, ""total_bins"": 30}"
distribution_bins,OLSResults,s1,N/A,histogram_distribution,,full,"{""bin_index"": 1, ""bin_start"": -0.11747005557601899, ""bin_end"": -0.10815944123552473, ""donor_height"": 0.0, ""receiver_height"": 0.0, ""n_samples_donor"": 309, ""n_samples_receiver"": 133, ""total_bins"": 30}"
distribution_bins,OLSResults,s1,N/A,histogram_distribution,,full,"{""bin_index"": 2, ""bin_start"": -0.10815944123552473, ""bin_end"": -0.0988488268950305, ""donor_height"": 0.6472491909385114, ""receiver_height"": 0.0, ""n_samples_donor"": 309, ""n_samples_receiver"": 133, ""total_bins"": 30}"
distribution_bins,OLSResults,s1,N/A,histogram_distribution,,full,"{""bin_index"": 3, ""bin_start"": -0.0988488268950305, ""bin_end"": -0.08953821255453624, ""donor_height"": 1.2944983818770226, ""receiver_height"": 0.0, ""n_samples_donor"": 309, ""n_samples_receiver"": 133, ""total_bins"": 30}"
distribution_bins,OLSResults,s1,N/A,histogram_distribution,,full,"{""bin_index"": 4, ""bin_start"": -0.08953821255453624, ""bin_end"": -0.08022759821404199, ""donor_height"": 0.9708737864077669, ""receiver_height"": 0.0, ""n_samples_donor"": 309, ""n_samples_receiver"": 133, ""total_bins"": 30}"
distribution_bins,OLSResults,s1,N/A,histogram_distribution,,full,"{""bin_index"": 5, ""bin_start"": -0.08022759821404199, ""bin_end"": -0.07091698387354775, ""donor_height"": 2.2653721682847894, ""receiver_height"": 0.0, ""n_samples_donor"": 309, ""n_samples_receiver"": 133, ""total_bins"": 30}"
distribution_bins,OLSResults,s1,N/A,histogram_distribution,,full,"{""bin_index"": 6, ""bin_start"": -0.07091698387354775, ""bin_end"": -0.0616063695330535, ""donor_height"": 3.2362459546925564, ""receiver_height"": 0.0, ""n_samples_donor"": 309, ""n_samples_receiver"": 133, ""total_bins"": 30}"
distribution_bins,OLSResults,s1,N/A,histogram_distribution,,full,"{""bin_index"": 7, ""bin_start"": -0.0616063695330535, ""bin_end"": -0.052295755192559246, ""donor_height"": 3.2362459546925564, ""receiver_height"": 0.0, ""n_samples_donor"": 309, ""n_samples_receiver"": 133, ""total_bins"": 30}"
distribution_bins,OLSResults,s1,N/A,histogram_distribution,,full,"{""bin_index"": 8, ""bin_start"": -0.052295755192559246, ""bin_end"": -0.04298514085206499, ""donor_height"": 5.17799352750809, ""receiver_height"": 0.0, ""n_samples_donor"": 309, ""n_samples_receiver"": 133, ""total_bins"": 30}"
distribution_bins,OLSResults,s1,N/A,histogram_distribution,,full,"{""bin_index"": 9, ""bin_start"": -0.04298514085206499, ""bin_end"": -0.03367452651157074, ""donor_height"": 8.090614886731393, ""receiver_height"": 2.2556390977443606, ""n_samples_donor"": 309, ""n_samples_receiver"": 133, ""total_bins"": 30}"
distribution_bins,OLSResults,s1,N/A,histogram_distribution,,full,"{""bin_index"": 10, ""bin_start"": -0.03367452651157074, ""bin_end"": -0.0243639121710765, ""donor_height"": 6.796116504854369, ""receiver_height"": 6.7669172932330826, ""n_samples_donor"": 309, ""n_samples_receiver"": 133, ""total_bins"": 30}"
distribution_bins,OLSResults,s1,N/A,histogram_distribution,,full,"{""bin_index"": 11, ""bin_start"": -0.0243639121710765, ""bin_end"": -0.015053297830582249, ""donor_height"": 5.17799352750809, ""receiver_height"": 3.759398496240602, ""n_samples_donor"": 309, ""n_samples_receiver"": 133, ""total_bins"": 30}"
distribution_bins,OLSResults,s1,N/A,histogram_distribution,,full,"{""bin_index"": 12, ""bin_start"": -0.015053297830582249, ""bin_end"": -0.005742683490087996, ""donor_height"": 9.385113268608416, ""receiver_height"": 18.045112781954884, ""n_samples_donor"": 309, ""n_samples_receiver"": 133, ""total_bins"": 30}"
distribution_bins,OLSResults,s1,N/A,histogram_distribution,,full,"{""bin_index"": 13, ""bin_start"": -0.005742683490087996, ""bin_end"": 0.0035679308504062424, ""donor_height"": 10.679611650485437, ""receiver_height"": 24.060150375939852, ""n_samples_donor"": 309, ""n_samples_receiver"": 133, ""total_bins"": 30}"
distribution_bins,OLSResults,s1,N/A,histogram_distribution,,full,"{""bin_index"": 14, ""bin_start"": 0.0035679308504062424, ""bin_end"": 0.012878545190900509, ""donor_height"": 5.501618122977347, ""receiver_height"": 18.796992481203006, ""n_samples_donor"": 309, ""n_samples_receiver"": 133, ""total_bins"": 30}"
distribution_bins,OLSResults,s1,N/A,histogram_distribution,,full,"{""bin_index"": 15, ""bin_start"": 0.012878545190900509, ""bin_end"": 0.022189159531394748, ""donor_height"": 8.09061488673139, ""receiver_height"": 20.30075187969925, ""n_samples_donor"": 309, ""n_samples_receiver"": 133, ""total_bins"": 30}"
distribution_bins,OLSResults,s1,N/A,histogram_distribution,,full,"{""bin_index"": 16, ""bin_start"": 0.022189159531394748, ""bin_end"": 0.031499773871888986, ""donor_height"": 6.4724919093851145, ""receiver_height"": 2.2556390977443606, ""n_samples_donor"": 309, ""n_samples_receiver"": 133, ""total_bins"": 30}"
distribution_bins,OLSResults,s1,N/A,histogram_distribution,,full,"{""bin_index"": 17, ""bin_start"": 0.031499773871888986, ""bin_end"": 0.04081038821238325, ""donor_height"": 5.501618122977347, ""receiver_height"": 3.007518796992481, ""n_samples_donor"": 309, ""n_samples_receiver"": 133, ""total_bins"": 30}"
distribution_bins,OLSResults,s1,N/A,histogram_distribution,,full,"{""bin_index"": 18, ""bin_start"": 0.04081038821238325, ""bin_end"": 0.05012100255287749, ""donor_height"": 3.8834951456310676, ""receiver_height"": 0.7518796992481204, ""n_samples_donor"": 309, ""n_samples_receiver"": 133, ""total_bins"": 30}"
distribution_bins,OLSResults,s1,N/A,histogram_distribution,,full,"{""bin_index"": 19, ""bin_start"": 0.05012100255287749, ""bin_end"": 0.05943161689337176, ""donor_height"": 2.588996763754045, ""receiver_height"": 0.0, ""n_samples_donor"": 309, ""n_samples_receiver"": 133, ""total_bins"": 30}"
distribution_bins,OLSResults,s1,N/A,histogram_distribution,,full,"{""bin_index"": 20, ""bin_start"": 0.05943161689337176, ""bin_end"": 0.068742231233866, ""donor_height"": 2.2653721682847894, ""receiver_height"": 0.0, ""n_samples_donor"": 309, ""n_samples_receiver"": 133, ""total_bins"": 30}"
distribution_bins,OLSResults,s1,N/A,histogram_distribution,,full,"{""bin_index"": 21, ""bin_start"": 0.068742231233866, ""bin_end"": 0.07805284557436024, ""donor_height"": 0.9708737864077669, ""receiver_height"": 0.0, ""n_samples_donor"": 309, ""n_samples_receiver"": 133, ""total_bins"": 30}"
distribution_bins,OLSResults,s1,N/A,histogram_distribution,,full,"{""bin_index"": 22, ""bin_start"": 0.07805284557436024, ""bin_end"": 0.0873634599148545, ""donor_height"": 1.9417475728155338, ""receiver_height"": 0.0, ""n_samples_donor"": 309, ""n_samples_receiver"": 133, ""total_bins"": 30}"
distribution_bins,OLSResults,s1,N/A,histogram_distribution,,full,"{""bin_index"": 23, ""bin_start"": 0.0873634599148545, ""bin_end"": 0.09667407425534874, ""donor_height"": 2.2653721682847894, ""receiver_height"": 0.0, ""n_samples_donor"": 309, ""n_samples_receiver"": 133, ""total_bins"": 30}"
distribution_bins,OLSResults,s1,N/A,histogram_distribution,,full,"{""bin_index"": 24, ""bin_start"": 0.09667407425534874, ""bin_end"": 0.10598468859584298, ""donor_height"": 0.6472491909385114, ""receiver_height"": 0.0, ""n_samples_donor"": 309, ""n_samples_receiver"": 133, ""total_bins"": 30}"
distribution_bins,OLSResults,s1,N/A,histogram_distribution,,full,"{""bin_index"": 25, ""bin_start"": 0.10598468859584298, ""bin_end"": 0.11529530293633725, ""donor_height"": 0.6472491909385113, ""receiver_height"": 0.0, ""n_samples_donor"": 309, ""n_samples_receiver"": 133, ""total_bins"": 30}"
distribution_bins,OLSResults,s1,N/A,histogram_distribution,,full,"{""bin_index"": 26, ""bin_start"": 0.11529530293633725, ""bin_end"": 0.12460591727683148, ""donor_height"": 0.3236245954692557, ""receiver_height"": 0.0, ""n_samples_donor"": 309, ""n_samples_receiver"": 133, ""total_bins"": 30}"
distribution_bins,OLSResults,s1,N/A,histogram_distribution,,full,"{""bin_index"": 27, ""bin_start"": 0.12460591727683148, ""bin_end"": 0.13391653161732572, ""donor_height"": 1.2944983818770228, ""receiver_height"": 0.0, ""n_samples_donor"": 309, ""n_samples_receiver"": 133, ""total_bins"": 30}"
distribution_bins,OLSResults,s1,N/A,histogram_distribution,,full,"{""bin_index"": 28, ""bin_start"": 0.13391653161732572, ""bin_end"": 0.14322714595781996, ""donor_height"": 0.0, ""receiver_height"": 0.0, ""n_samples_donor"": 309, ""n_samples_receiver"": 133, ""total_bins"": 30}"
distribution_bins,OLSResults,s1,N/A,histogram_distribution,,full,"{""bin_index"": 29, ""bin_start"": 0.14322714595781996, ""bin_end"": 0.15253776029831428, ""donor_height"": 0.3236245954692557, ""receiver_height"": 0.0, ""n_samples_donor"": 309, ""n_samples_receiver"": 133, ""total_bins"": 30}"
distribution_bins,OLSResults,s4,N/A,histogram_distribution,,full,"{""bin_index"": 0, ""bin_start"": -0.0763945037500033, ""bin_end"": -0.06767353884966323, ""donor_height"": 6.796116504854369, ""receiver_height"": 0.0, ""n_samples_donor"": 309, ""n_samples_receiver"": 133, ""total_bins"": 30}"
distribution_bins,OLSResults,s4,N/A,histogram_distribution,,full,"{""bin_index"": 1, ""bin_start"": -0.06767353884966323, ""bin_end"": -0.05895257394932317, ""donor_height"": 0.0, ""receiver_height"": 0.0, ""n_samples_donor"": 309, ""n_samples_receiver"": 133, ""total_bins"": 30}"
distribution_bins,OLSResults,s4,N/A,histogram_distribution,,full,"{""bin_index"": 2, ""bin_start"": -0.05895257394932317, ""bin_end"": -0.0502316090489831, ""donor_height"": 0.9708737864077671, ""receiver_height"": 0.0, ""n_samples_donor"": 309, ""n_samples_receiver"": 133, ""total_bins"": 30}"
distribution_bins,OLSResults,s4,N/A,histogram_distribution,,full,"{""bin_index"": 3, ""bin_start"": -0.0502316090489831, ""bin_end"": -0.041510644148643035, ""donor_height"": 0.9708737864077671, ""receiver_height"": 2.255639097744361, ""n_samples_donor"": 309, ""n_samples_receiver"": 133, ""total_bins"": 30}"
distribution_bins,OLSResults,s4,N/A,histogram_distribution,,full,"{""bin_index"": 4, ""bin_start"": -0.041510644148643035, ""bin_end"": -0.03278967924830297, ""donor_height"": 26.537216828478964, ""receiver_height"": 5.263157894736842, ""n_samples_donor"": 309, ""n_samples_receiver"": 133, ""total_bins"": 30}"
distribution_bins,OLSResults,s4,N/A,histogram_distribution,,full,"{""bin_index"": 5, ""bin_start"": -0.03278967924830297, ""bin_end"": -0.0240687143479629, ""donor_height"": 0.6472491909385113, ""receiver_height"": 6.015037593984962, ""n_samples_donor"": 309, ""n_samples_receiver"": 133, ""total_bins"": 30}"
distribution_bins,OLSResults,s4,N/A,histogram_distribution,,full,"{""bin_index"": 6, ""bin_start"": -0.0240687143479629, ""bin_end"": -0.015347749447622835, ""donor_height"": 0.6472491909385113, ""receiver_height"": 11.278195488721805, ""n_samples_donor"": 309, ""n_samples_receiver"": 133, ""total_bins"": 30}"
distribution_bins,OLSResults,s4,N/A,histogram_distribution,,full,"{""bin_index"": 7, ""bin_start"": -0.015347749447622835, ""bin_end"": -0.006626784547282771, ""donor_height"": 1.6181229773462782, ""receiver_height"": 10.526315789473683, ""n_samples_donor"": 309, ""n_samples_receiver"": 133, ""total_bins"": 30}"
distribution_bins,OLSResults,s4,N/A,histogram_distribution,,full,"{""bin_index"": 8, ""bin_start"": -0.006626784547282771, ""bin_end"": 0.0020941803530572928, ""donor_height"": 24.59546925566343, ""receiver_height"": 15.037593984962406, ""n_samples_donor"": 309, ""n_samples_receiver"": 133, ""total_bins"": 30}"
distribution_bins,OLSResults,s4,N/A,histogram_distribution,,full,"{""bin_index"": 9, ""bin_start"": 0.0020941803530572928, ""bin_end"": 0.010815145253397357, ""donor_height"": 0.9708737864077671, ""receiver_height"": 9.774436090225564, ""n_samples_donor"": 309, ""n_samples_receiver"": 133, ""total_bins"": 30}"
distribution_bins,OLSResults,s4,N/A,histogram_distribution,,full,"{""bin_index"": 10, ""bin_start"": 0.010815145253397357, ""bin_end"": 0.01953611015373742, ""donor_height"": 0.9708737864077671, ""receiver_height"": 19.548872180451127, ""n_samples_donor"": 309, ""n_samples_receiver"": 133, ""total_bins"": 30}"
distribution_bins,OLSResults,s4,N/A,histogram_distribution,,full,"{""bin_index"": 11, ""bin_start"": 0.01953611015373742, ""bin_end"": 0.0282570750540775, ""donor_height"": 2.5889967637540456, ""receiver_height"": 6.015037593984963, ""n_samples_donor"": 309, ""n_samples_receiver"": 133, ""total_bins"": 30}"
distribution_bins,OLSResults,s4,N/A,histogram_distribution,,full,"{""bin_index"": 12, ""bin_start"": 0.0282570750540775, ""bin_end"": 0.03697803995441756, ""donor_height"": 17.475728155339805, ""receiver_height"": 3.7593984962406015, ""n_samples_donor"": 309, ""n_samples_receiver"": 133, ""total_bins"": 30}"
distribution_bins,OLSResults,s4,N/A,histogram_distribution,,full,"{""bin_index"": 13, ""bin_start"": 0.03697803995441756, ""bin_end"": 0.04569900485475763, ""donor_height"": 0.32362459546925565, ""receiver_height"": 5.263157894736842, ""n_samples_donor"": 309, ""n_samples_receiver"": 133, ""total_bins"": 30}"
distribution_bins,OLSResults,s4,N/A,histogram_distribution,,full,"{""bin_index"": 14, ""bin_start"": 0.04569900485475763, ""bin_end"": 0.05441996975509768, ""donor_height"": 0.6472491909385113, ""receiver_height"": 1.5037593984962407, ""n_samples_donor"": 309, ""n_samples_receiver"": 133, ""total_bins"": 30}"
distribution_bins,OLSResults,s4,N/A,histogram_distribution,,full,"{""bin_index"": 15, ""bin_start"": 0.05441996975509768, ""bin_end"": 0.06314093465543776, ""donor_height"": 0.3236245954692557, ""receiver_height"": 1.5037593984962407, ""n_samples_donor"": 309, ""n_samples_receiver"": 133, ""total_bins"": 30}"
distribution_bins,OLSResults,s4,N/A,histogram_distribution,,full,"{""bin_index"": 16, ""bin_start"": 0.06314093465543776, ""bin_end"": 0.07186189955577783, ""donor_height"": 7.443365695792881, ""receiver_height"": 2.2556390977443606, ""n_samples_donor"": 309, ""n_samples_receiver"": 133, ""total_bins"": 30}"
distribution_bins,OLSResults,s4,N/A,histogram_distribution,,full,"{""bin_index"": 17, ""bin_start"": 0.07186189955577783, ""bin_end"": 0.08058286445611788, ""donor_height"": 0.32362459546925565, ""receiver_height"": 0.0, ""n_samples_donor"": 309, ""n_samples_receiver"": 133, ""total_bins"": 30}"
distribution_bins,OLSResults,s4,N/A,histogram_distribution,,full,"{""bin_index"": 18, ""bin_start"": 0.08058286445611788, ""bin_end"": 0.08930382935645796, ""donor_height"": 0.9708737864077669, ""receiver_height"": 0.0, ""n_samples_donor"": 309, ""n_samples_receiver"": 133, ""total_bins"": 30}"
distribution_bins,OLSResults,s4,N/A,histogram_distribution,,full,"{""bin_index"": 19, ""bin_start"": 0.08930382935645796, ""bin_end"": 0.09802479425679801, ""donor_height"": 0.32362459546925565, ""receiver_height"": 0.0, ""n_samples_donor"": 309, ""n_samples_receiver"": 133, ""total_bins"": 30}"
distribution_bins,OLSResults,s4,N/A,histogram_distribution,,full,"{""bin_index"": 20, ""bin_start"": 0.09802479425679801, ""bin_end"": 0.10674575915713809, ""donor_height"": 0.0, ""receiver_height"": 0.0, ""n_samples_donor"": 309, ""n_samples_receiver"": 133, ""total_bins"": 30}"
distribution_bins,OLSResults,s4,N/A,histogram_distribution,,full,"{""bin_index"": 21, ""bin_start"": 0.10674575915713809, ""bin_end"": 0.11546672405747814, ""donor_height"": 3.2362459546925564, ""receiver_height"": 0.0, ""n_samples_donor"": 309, ""n_samples_receiver"": 133, ""total_bins"": 30}"
distribution_bins,OLSResults,s4,N/A,histogram_distribution,,full,"{""bin_index"": 22, ""bin_start"": 0.11546672405747814, ""bin_end"": 0.12418768895781822, ""donor_height"": 0.0, ""receiver_height"": 0.0, ""n_samples_donor"": 309, ""n_samples_receiver"": 133, ""total_bins"": 30}"
distribution_bins,OLSResults,s4,N/A,histogram_distribution,,full,"{""bin_index"": 23, ""bin_start"": 0.12418768895781822, ""bin_end"": 0.1329086538581583, ""donor_height"": 0.32362459546925565, ""receiver_height"": 0.0, ""n_samples_donor"": 309, ""n_samples_receiver"": 133, ""total_bins"": 30}"
distribution_bins,OLSResults,s4,N/A,histogram_distribution,,full,"{""bin_index"": 24, ""bin_start"": 0.1329086538581583, ""bin_end"": 0.14162961875849833, ""donor_height"": 0.3236245954692557, ""receiver_height"": 0.0, ""n_samples_donor"": 309, ""n_samples_receiver"": 133, ""total_bins"": 30}"
distribution_bins,OLSResults,s4,N/A,histogram_distribution,,full,"{""bin_index"": 25, ""bin_start"": 0.14162961875849833, ""bin_end"": 0.1503505836588384, ""donor_height"": 0.3236245954692557, ""receiver_height"": 0.0, ""n_samples_donor"": 309, ""n_samples_receiver"": 133, ""total_bins"": 30}"
distribution_bins,OLSResults,s4,N/A,histogram_distribution,,full,"{""bin_index"": 26, ""bin_start"": 0.1503505836588384, ""bin_end"": 0.1590715485591785, ""donor_height"": 0.3236245954692557, ""receiver_height"": 0.0, ""n_samples_donor"": 309, ""n_samples_receiver"": 133, ""total_bins"": 30}"
distribution_bins,OLSResults,s4,N/A,histogram_distribution,,full,"{""bin_index"": 27, ""bin_start"": 0.1590715485591785, ""bin_end"": 0.16779251345951857, ""donor_height"": 0.0, ""receiver_height"": 0.0, ""n_samples_donor"": 309, ""n_samples_receiver"": 133, ""total_bins"": 30}"
distribution_bins,OLSResults,s4,N/A,histogram_distribution,,full,"{""bin_index"": 28, ""bin_start"": 0.16779251345951857, ""bin_end"": 0.17651347835985864, ""donor_height"": 0.0, ""receiver_height"": 0.0, ""n_samples_donor"": 309, ""n_samples_receiver"": 133, ""total_bins"": 30}"
distribution_bins,OLSResults,s4,N/A,histogram_distribution,,full,"{""bin_index"": 29, ""bin_start"": 0.17651347835985864, ""bin_end"": 0.18523444326019867, ""donor_height"": 0.3236245954692557, ""receiver_height"": 0.0, ""n_samples_donor"": 309, ""n_samples_receiver"": 133, ""total_bins"": 30}"
distribution_bins,OLSResults,risk_factor,N/A,categorical_distribution,,full,"{""category"": ""high"", ""donor_proportion"": 34.95145631067961, ""receiver_proportion"": 45.86466165413533, ""n_samples_donor"": 309, ""n_samples_receiver"": 133}"
distribution_bins,OLSResults,risk_factor,N/A,categorical_distribution,,full,"{""category"": ""low"", ""donor_proportion"": 36.24595469255664, ""receiver_proportion"": 54.13533834586466, ""n_samples_donor"": 309, ""n_samples_receiver"": 133}"
distribution_bins,OLSResults,risk_factor,N/A,categorical_distribution,,full,"{""category"": ""medium"", ""donor_proportion"": 28.802588996763756, ""receiver_proportion"": 0.0, ""n_samples_donor"": 309, ""n_samples_receiver"": 133}"
